name,url,address
ビームス 原宿,http://www.beams.co.jp/shop/h/,東京都渋谷区神宮前3-24-7 1F・2F
レイ ビームス 原宿,http://www.beams.co.jp/shop/rh/,東京都渋谷区神宮前3-24-6 1F
ビームスF,http://www.beams.co.jp/shop/f/,東京都渋谷区神宮前3-25-14 1F・2F
ビームス ボーイ 原宿,http://www.beams.co.jp/shop/hry/,東京都渋谷区神宮前3-24-5 1F
ビームス プラス 原宿,http://www.beams.co.jp/shop/bph/,東京都東京都渋谷区神宮前3-25-12 1F
インターナショナルギャラリー ビームス,http://www.beams.co.jp/shop/ig/,東京都渋谷区神宮前3-25-15 B1F・1F・2F
ビームスT 原宿,http://www.beams.co.jp/shop/hbt/,東京都渋谷区神宮前3-25-15 1F
トーキョー カルチャート by ビームス,http://www.beams.co.jp/shop/ca/,東京都渋谷区神宮前3-24-7 3F
ビームス レコーズ,http://www.beams.co.jp/shop/hbr/,東京都渋谷区神宮前3-25-15 1F
ユニフォーム サーカス ビームス,http://www.beams.co.jp/shop/uc/,東京都渋谷区神宮前3-35-8 ハニービル3F
ヴェイパライズ,http://www.beams.co.jp/shop/vr/,東京都渋谷区神南1ｰ22ｰ11 ルミネマン渋谷 1F
ピルグリム サーフ+サプライ,http://www.beams.co.jp/shop/pss/,東京都渋谷区神南1-14-7 1F
ビームス ウィメン 渋谷,http://www.beams.co.jp/shop/sw/,東京都渋谷区神南1-14-7 2F
ビームス ライツ 渋谷,http://www.beams.co.jp/shop/syl/,東京都渋谷区渋谷 2-21-1 渋谷ヒカリエ ShinQs 4F
ビームス メン 渋谷,http://www.beams.co.jp/shop/s/,東京都渋谷区神南1-15-1 1F・2F
B印 ヨシダ 代官山,http://www.beams.co.jp/shop/byd/,東京都渋谷区猿楽町19-6 1F・2F
こども ビームス,http://www.beams.co.jp/shop/kd/,東京都渋谷区猿楽町19-7 1F
ビームス 恵比寿,http://www.beams.co.jp/shop/ebs/,東京都渋谷区恵比寿南1-5-5 アトレ恵比寿 4F
ビームス 銀座,http://www.beams.co.jp/shop/gnz/,東京都中央区銀座4-4-1 八光ビル2F・3F
デミルクス ビームス 銀座,http://www.beams.co.jp/shop/dgz/,東京都中央区銀座4-3-5 B1F-2F
デミルクス ビームス 日本橋,http://www.beams.co.jp/shop/dnb/,東京都中央区日本橋1-4-1 コレド日本橋 2F
ビームス ハウス 丸の内,http://www.beams.co.jp/shop/bhm/,東京都千代田区丸の内2-4-1 丸ビル1F
ビームス 新丸の内,http://www.beams.co.jp/shop/smb/,東京都千代田区丸の内1-5-1 新丸ビル 3F
ビームス ゴルフ 大丸東京店,http://www.beams.co.jp/shop/dtg/,東京都千代田区丸の内1-9-1 大丸東京店 11F
ビームス プラス 有楽町,http://www.beams.co.jp/shop/bpy/,東京都千代田区有楽町1-12-1 新有楽町ビル 1F
ビームス＆ウィンズ 有楽町,http://www.beams.co.jp/shop/ywg/,東京都千代田区有楽町1-7-1 有楽町電気ビル1F
ビームス＆ウィンズ ステーション（ゴルフ＆ランニング）,http://www.beams.co.jp/shop/gr/,東京都千代田区有楽町1-12-1 新有楽町ビルB2F
ビームス ハウス 六本木,http://www.beams.co.jp/shop/bhr/,東京都港区赤坂9-7-3 東京ミッドタウン・ガレリア1F
ビームスF 新宿,http://www.beams.co.jp/shop/jbf/,東京都新宿区新宿3-32-6 6F-7F
ビームス ジャパン,http://www.beams.co.jp/shop/j/,東京都新宿区新宿3-32-6  B1F - 5F
デミルクス ビームス 新宿,http://www.beams.co.jp/shop/dls/,東京都新宿区西新宿1-1-5 ルミネ新宿1 2F
ビームス 新宿,http://www.beams.co.jp/shop/leb/,東京都新宿区新宿3-38-1 ルミネエスト新宿B2F
レイ ビームス 新宿,http://www.beams.co.jp/shop/rs/,東京都新宿区新宿3-38-1 ルミネエスト新宿1F
ビームス ニューズ,http://www.beams.co.jp/shop/nsn/,東京都渋谷区千駄ヶ谷5-24-55 NEWoMan 2F エキナカ
ビームス ゴルフ 小田急ハルク店,http://www.beams.co.jp/shop/hlg/,東京都新宿区西新宿1-5-1 小田急百貨店新宿店 ハルクスポーツ 1階 ゴルフ売場
ビームス 池袋,http://www.beams.co.jp/shop/ikb/,東京都豊島区西池袋1-11-1 ルミネ池袋1F
レイ ビームス 池袋,http://www.beams.co.jp/shop/ri/,東京都豊島区南池袋1-28-2 池袋パルコ 本館2F
ビームス ライツ お台場,http://www.beams.co.jp/shop/obl/,東京都江東区青海1-1-10 ダイバーシティ東京 プラザ 3F
ビーミング ライフストア by ビームス アクアシティお台場店,http://www.beams.co.jp/shop/oba/,東京都東京都港区台場1-7-1 アクアシティお台場 メディアージュ3F
ビーミング ライフストア by ビームス アーバンドック ららぽーと豊洲店,http://www.beams.co.jp/shop/tyl/,東京都江東区豊洲2-4-9 アーバンドック ららぽーと豊洲1F
マミタス 中野,http://www.beams.co.jp/shop/mmts/,東京都中野区中野5-52-15 中野ブロードウェイ3F（301-2号室）
ビームス 吉祥寺,http://www.beams.co.jp/shop/kkj/,東京都武蔵野市吉祥寺南町2-1-25　キラリナ京王吉祥寺 3Ｆ
ビームス 二子玉川,http://www.beams.co.jp/shop/ttb/,東京都世田谷区玉川3-17-1 玉川高島屋S・C南館2F
ビームス ゴルフ 玉川髙島屋S・C店,http://www.beams.co.jp/shop/ttg/,東京都世田谷区玉川3-17-1 玉川髙島屋S・C 南館5F
ビームス 東京スカイツリータウン,http://www.beams.co.jp/shop/tst/,東京都墨田区押上1-1-2 東京スカイツリータウン・ソラマチ2F
ビームス 北千住,http://www.beams.co.jp/shop/ksj/,東京都足立区千住旭町42-2 ルミネ北千住 3F
ビームス 町田,http://www.beams.co.jp/shop/mcb/,東京都町田市原町田6-1-11 ルミネ町田2F
ビームス 立川,http://www.beams.co.jp/shop/tcb/,東京都立川市曙町2-1-1 ルミネ立川2F
ビーミング ライフストア by ビームス ららぽーと立川立飛店,http://www.beams.co.jp/shop/ttl/,東京都立川市泉町935-1 ららぽーと立川立飛 2F
ビームス 大宮,http://www.beams.co.jp/shop/omb/,埼玉県さいたま市大宮区錦町630 ルミネ大宮2 2F
ビーミング ライフストア by ビームス ららぽーと新三郷店,http://www.beams.co.jp/shop/sml/,埼玉県三郷市新三郷ららシティ3-1-1 ららぽーと新三郷2F
デミルクス ビームス 大宮,http://www.beams.co.jp/shop/dlo/,埼玉県さいたま市大宮区錦町630 ルミネ大宮2 2F
ビーミング ライフストア by ビームス コクーンシティ店,http://www.beams.co.jp/shop/ssc/,埼玉県さいたま市大宮区吉敷町4-263-1 コクーンシティ コクーン2 2F
ビーミング ライフストア by ビームス ららぽーと柏の葉店,http://www.beams.co.jp/shop/khl/,千葉県柏市若柴175 ららぽーと 柏の葉2F
ビームス 柏,http://www.beams.co.jp/shop/ktb/,千葉県柏市末広町1-1 柏髙島屋ステーションモール S館専門店街 4F
デミルクス ビームス 柏,http://www.beams.co.jp/shop/dlk/,千葉県柏市末広町1-1 柏高島屋ステーションモール S館専門店 3F
B印 ヨシダ 成田空港第1ターミナル,http://www.beams.co.jp/shop/byn/,千葉県成田市成田国際空港内 第1旅客ターミナル中央ビル本館 4F
ビーミング ライフストア by ビームス ららぽーとTOKYO-BAY店,http://www.beams.co.jp/shop/fbl/,千葉県千葉県船橋市浜町2-1-1 ららぽーとTOKYO-BAY 南館2F
ビーミング ライフストア by ビームス イクスピアリ店,http://www.beams.co.jp/shop/ikp/,千葉県浦安市舞浜1-4 イクスピアリ2F
ビームス 武蔵小杉,http://www.beams.co.jp/shop/gmk/,神奈川県川崎市中原区新丸子東3-1135-1 グランツリー武蔵小杉 1F
ビーミング ライフストア by ビームス 横浜ポルタ店,http://www.beams.co.jp/shop/yhp/,神奈川県横浜市西区高島2-16-B1 横浜ポルタ
ビームス 横浜,http://www.beams.co.jp/shop/yb/,神奈川県横浜市西区みなとみらい2-3-2 クイーンズイースト1F
ビーミング ライフストア by ビームス たまプラーザ テラス店,http://www.beams.co.jp/shop/tpt/,神奈川県横浜市青葉区美しが丘1-1-2 たまプラーザ テラス 1F
ビームス 横浜東口,http://www.beams.co.jp/shop/yeb/,神奈川県横浜市西区高島2-16-1 ルミネ横浜 B2F
ビーミング ライフストア by ビームス ららぽーと横浜店,http://www.beams.co.jp/shop/yhl/,神奈川県横浜市都筑区池辺町4035-1 ららぽーと横浜1F
デミルクス ビームス 横浜,http://www.beams.co.jp/shop/dly/,神奈川県横浜市西区高島2-16-1 ルミネ横浜1F
ビーミング ライフストア by ビームス マークイズみなとみらい店,http://www.beams.co.jp/shop/mmm/,神奈川県神奈川県横浜市西区みなとみらい3-5-1　マークイズみなとみらい 1F
ビームスEX 横浜,http://www.beams.co.jp/shop/yex/,神奈川県横浜市西区南幸1-3-1 横浜モアーズ1F
ビームス ストリート 横浜,http://www.beams.co.jp/shop/syh/,神奈川県横浜市西区南幸1-5-1　ジョイナス2F
ビームス プラネッツ 横浜,http://www.beams.co.jp/shop/pyh/,神奈川県横浜市西区南幸1-5-1　ジョイナス2F
ビームス＆ウィンズ マークイズみなとみらい店,http://www.beams.co.jp/shop/mmg/,神奈川県横浜市西区みなとみらい3-5-1　マークイズみなとみらい 1F
ビーミング ライフストア by ビームス ラゾーナ川崎プラザ店,http://www.beams.co.jp/shop/kwl/,神奈川県川崎市幸区堀川町72-1 ラゾーナ川崎プラザ2F
ビームス 札幌,http://www.beams.co.jp/shop/sp/,北海道札幌市中央区南1条西3丁目8-11 1F・2F
ビームス ライツ 札幌,http://www.beams.co.jp/shop/lsp/,北海道札幌市中央区南1条西3丁目3番地 札幌パルコ2F
ビームス 仙台,http://www.beams.co.jp/shop/sdi/,宮城県仙台市青葉区一番町3-6-1 一番町平和ビル 1・2F
デミルクス ビームス 仙台,http://www.beams.co.jp/shop/dsd/,宮城県仙台市青葉区中央1-1-1 エスパルⅡ
ビームス 新潟,http://www.beams.co.jp/shop/nib/,新潟県新潟市中央区八千代2-5-2 アクロス新潟1F
ビーミング ライフストア by ビームス 万代シテイビルボードプレイス店,http://www.beams.co.jp/shop/nbp/,新潟県新潟市中央区八千代2-1-2 万代シテイ・ビルボードプレイス2
ビームス 金沢,http://www.beams.co.jp/shop/knz/,石川県金沢市香林坊2-4-30 1-2F
ビームス ライツ 金沢,http://www.beams.co.jp/shop/kzl/,石川県金沢市香林坊2-1-1 香林坊東急スクエア1F
ビームス ラゲッジ 軽井沢,http://www.beams.co.jp/shop/lgk/,長野県北佐久郡軽井沢町軽井沢1178-160 軽井沢・プリンスショッピングプラザ センターモール
ビームス ゴルフ 軽井沢・プリンスショッピングプラザ店,http://www.beams.co.jp/shop/kpg/,長野県北佐久郡軽井沢町軽井沢1178-160  軽井沢・プリンスショッピングプラザ ニューイースト
ビームス 静岡,http://www.beams.co.jp/shop/szk/,静岡県静岡市葵区鷹匠1-1-1 新静岡セノバ 1F
ビーミング ライフストア by ビームス 新静岡セノバ店,http://www.beams.co.jp/shop/szc/,静岡県静岡市葵区鷹匠1-1-1 新静岡セノバ 2F
ビームス 名古屋,http://www.beams.co.jp/shop/bna/,愛知県名古屋市中区栄3-29-1 名古屋パルコ南館1F
デミルクス ビームス 名古屋,http://www.beams.co.jp/shop/dng/,愛知県名古屋市中区栄3-16-1 松坂屋名古屋店 南館1F
ビーミング ライフストア by ビームス ラシック店,http://www.beams.co.jp/shop/nyl/,愛知県名古屋市中区栄3-6-1 ラシック 4F
ビームス ゴルフ 松坂屋名古屋店,http://www.beams.co.jp/shop/nmg/,愛知県名古屋市中区栄3-16-1 松坂屋名古屋店 北館4F
ビームス 京都,http://www.beams.co.jp/shop/kyo/,京都府京都市下京区寺町通四条下ル 貞安前之町605 藤井大丸1F
ビームス EX 京都,http://www.beams.co.jp/shop/kyx/,京都府京都市下京区寺町通四条下ル貞安前之町605 藤井大丸7F
ビーミング ライフストア by ビームス 天王寺ミオ店,http://www.beams.co.jp/shop/tjm/,大阪府大阪市天王寺区悲田院町10-48 天王寺ミオ プラザ館2F
ビーミング ライフストア by ビームス グランフロント大阪店,http://www.beams.co.jp/shop/umg/,大阪府大阪府大阪市北区大深町4-20 グランフロント大阪 南館3F
ビームス 梅田,http://www.beams.co.jp/shop/umd/,大阪府大阪市北区梅田3-1-3 ルクア3F
ビームス ストリート 梅田,http://www.beams.co.jp/shop/sum/,大阪府大阪市北区角田町5-15 HEP FIVE 1F
ビームスEX 梅田 / デミルクス ビームス 梅田,http://www.beams.co.jp/shop/udx/,大阪府大阪市北区大深町4-20 グランフロント大阪 南館2F
ビームス ゴルフ グランフロント大阪店,http://www.beams.co.jp/shop/gog/,大阪府大阪市北区大深町4-20 グランフロント大阪 南館1F
ビームス 心斎橋,http://www.beams.co.jp/shop/bds/,大阪府大阪市中央区心斎橋筋1-7-1 大丸心斎橋店 北館2F
ビームス 阿倍野,http://www.beams.co.jp/shop/ba/,大阪府大阪市阿倍野区阿倍野筋1-2-30 Hoop 1F
ビームス ゴルフ 近鉄あべのハルカス店,http://www.beams.co.jp/shop/akg/,大阪府大阪市阿倍野区阿倍野筋1-1-43 あべのハルカス近鉄本店 ウイング館 6F
ビームス ららぽーとEXPOCITY,http://www.beams.co.jp/shop/bec/,大阪府吹田市千里万博公園2-1 ららぽーとEXPOCITY 2F
ビームス プラネッツ 関西空港,http://www.beams.co.jp/shop/pkk/,大阪府泉佐野市泉州空港北1 関西国際空港第1ターミナルビル 3F
ビーミング ライフストア by ビームス くずはモール店,http://www.beams.co.jp/shop/kkz/,大阪府枚方市楠葉花園町15-1 くずはモール 本館1F
ビーミング ライフストア by ビームス ららぽーとEXPOCITY店,http://www.beams.co.jp/shop/ecl/,大阪府吹田市千里万博公園2-1 ららぽーとEXPOCITY 1F
ビームス 神戸,http://www.beams.co.jp/shop/kbc/,兵庫県神戸市中央区三宮町1-4-3 クレフィ三宮 B1F-1F
ビームス ハウス 神戸,http://www.beams.co.jp/shop/bhk/,兵庫県神戸市中央区明石町31-1 1F・2F
ビームス ライツ 神戸,http://www.beams.co.jp/shop/lkb/,兵庫県神戸市中央区雲井通 7-1-1 ミント神戸4F
ビーミング ライフストア by ビームス 阪急西宮ガーデンズ店,http://www.beams.co.jp/shop/hng/,兵庫県西宮市高松町14-2 阪急西宮ガーデンズ 2Ｆ
ビームス 岡山,http://www.beams.co.jp/shop/okb/,岡山県岡山市北区中山下1-8-45 クレド岡山1F
ビームス 広島,http://www.beams.co.jp/shop/hi/,広島県広島市中区本通3-10 1F・2F 【仮店舗ウィメンズ】広島市中区本通9-25 杉屋ビル1・2F
ビームス 高松,http://www.beams.co.jp/shop/tm/,香川県香川県高松市常磐町1-3-1 瓦町フラッグ1F・2F
ビームス 松山,http://www.beams.co.jp/shop/my/,愛媛県松山市一番町3-2-1 松山全日空ホテル AVA 2F
ビームス 高知,http://www.beams.co.jp/shop/kc/,高知県高知市はりまや町1-11-8 ALCO2 1F
ビームス 博多,http://www.beams.co.jp/shop/hkt/,福岡県博多区博多駅中央街1-1 JR博多シティ3F
ビームス 福岡,http://www.beams.co.jp/shop/fkp/,福岡県福岡市中央区天神2-11-1 福岡パルコ新館 1-2F
デミルクス ビームス 福岡,http://www.beams.co.jp/shop/dfk/,福岡県福岡市中央区天神1-7-11 天神イムズ1F
ビームス ライツ 福岡,http://www.beams.co.jp/shop/fpl/,福岡県福岡市中央区天神2-11-1 福岡パルコ 本館2F
ビームス 長崎,http://www.beams.co.jp/shop/ns/,長崎県長崎市浜町8-11 1F・2F
ビーミング ライフストア by ビームス アミュプラザ長崎店,http://www.beams.co.jp/shop/nsa/,長崎県長崎市尾上町1-1 アミュプラザ長崎 2Ｆ
ビームス 熊本,http://www.beams.co.jp/shop/km/,熊本県熊本市中央区城東町2-18 求人案内ビル1F・2F
ビームス 大分,http://www.beams.co.jp/shop/oia/,大分県大分市要町1-14 アミュプラザおおいた 1F
ビームス 鹿児島,http://www.beams.co.jp/shop/kgb/,鹿児島県鹿児島市中央町1-1 アミュプラザ鹿児島1F
ビームス 台北,http://www.beams.co.jp/shop/taipei/,"No.340, Fujin Street, Taipei City, Taiwan"
ビームス 台北 誠品信義,http://www.beams.co.jp/shop/taipei_eslite/,"No.11 Songgao Road, Taipei City"
レイ ビームス 香港 フェスティバル ウォーク,http://www.beams.co.jp/shop/hongkong_festivalwalk/,"LG1-31, Festival Walk, Kowloon Tong, Kowloon, Hong Kong"
ビームス ボーイ 香港 シルバーコード,http://www.beams.co.jp/shop/hongkong_silvercord/,"Shop 27, 2/F, Silvercord, Tsim Sha Tsui, Kowloon, Hong Kong"
ビームス 香港 ザ ワン,http://www.beams.co.jp/shop/hongkong_theone/,"Shop UG207, The ONE, Tsim Sha Tsui, Kowloon, Hong Kong"
ビームス 北京 三里屯 ヴィレッジ,http://www.beams.co.jp/shop/beijing_sanlitunvillage/,"Sanlitun Village South Area, 11 Sanlitun Road, Chaoyang District, Beijing, China"
ビームス 北京 ギャラリー ラファイエット,http://www.beams.co.jp/shop/beijing_galeries_lafayette/,"Galeries Lafayette 4F, No.110 Xidan North Street, Xicheng District, Beijing, China"
ビームス 上海 インターナショナル APM,http://www.beams.co.jp/shop/shanghai_iapm/,"Shop LG2-250, IAPM, 999 Huaihai Middle Road, Xuhui District, Shanghai, China"
ビームス バンコク,http://www.beams.co.jp/shop/bangkok/,"1A 09-10, The EmQuartier Shopping Complex, 693 Sukhumvit Road, Klongton Nua, Wattana, Bangkok 10110 Thailand"
ビームス バンコク パラゴン,http://www.beams.co.jp/shop/bangkok_paragon/,"2F, Paragon Department Store, 991 RAMA 1 ROAD, PATHUMWAN BANGKOK 10330, THAILAND"
ビームス アウトレット お台場,http://www.beams.co.jp/shop/vfo/,東京都江東区青海1-3-15 ヴィーナスフォート 3F
ビームス アウトレット 南町田,http://www.beams.co.jp/shop/gmo/,東京都町田市鶴間3-4-1 グランベリーモール アウトレットショップス F棟 2F
ビームス アウトレット 多摩南大沢,http://www.beams.co.jp/shop/tmo/,東京都八王子市南大沢1-600 三井アウトレットパーク 多摩南大沢
ビームス アウトレット 越谷,http://www.beams.co.jp/shop/lto/,埼玉県越谷市レイクタウン4-1-1 レイクタウン アウトレット
ビームス アウトレット 入間,http://www.beams.co.jp/shop/bio/,埼玉県入間市宮寺3169-1 三井アウトレットパーク入間
ビームス アウトレット 酒々井,http://www.beams.co.jp/shop/sso/,千葉県印旛郡酒々井町飯積2-4-1 酒々井プレミアム・アウトレット
ビームス アウトレット 木更津,http://www.beams.co.jp/shop/kzo/,千葉県木更津市金田東3-1-1 三井アウトレットパーク 木更津
ビームス アウトレット 幕張,http://www.beams.co.jp/shop/mho/,千葉県美浜区ひび野2-6-1 三井アウトレットパーク 幕張
ビームス アウトレット 横浜,http://www.beams.co.jp/shop/ybo/,神奈川県横浜市金沢区白帆5-2 三井アウトレットパーク 横浜ベイサイド
ビームス アウトレット あみ,http://www.beams.co.jp/shop/amo/,茨城県稲敷郡阿見町よしわら4-1-1 あみプレミアム・アウトレット
ビームス アウトレット 大洗,http://www.beams.co.jp/shop/boo/,茨城県東茨城郡大洗町港中央11-2 大洗リゾートアウトレット
ビームス アウトレット 那須,http://www.beams.co.jp/shop/bno/,栃木県那須塩原市塩野崎184-7 那須ガーデンアウトレット
ビームス アウトレット 佐野,http://www.beams.co.jp/shop/bso/,栃木県佐野市越名町2058番地 佐野プレミアム・アウトレット
ビームス アウトレット 札幌北広島,http://www.beams.co.jp/shop/kho/,北海道北広島市大曲幸町3-7-6 三井アウトレットパーク札幌北広島
ビームス アウトレット 千歳,http://www.beams.co.jp/shop/bco/,北海道千歳市柏台南1-2-1 千歳アウトレットモール・レラ
ビームス アウトレット 仙台泉,http://www.beams.co.jp/shop/sio/,宮城県仙台市泉区寺岡6-1 仙台泉プレミアム・アウトレット
ビームス アウトレット 北陸小矢部,http://www.beams.co.jp/shop/hoo/,富山県小矢部市西中野972-1 三井アウトレットパーク 北陸小矢部
ビームス アウトレット 八ヶ岳,http://www.beams.co.jp/shop/byo/,山梨県北杜市小淵沢町4000番 八ヶ岳リゾートアウトレットロウアーコート
ビームス アウトレット 軽井沢,http://www.beams.co.jp/shop/bko/,長野県北佐久郡軽井沢町軽井沢1178-160 軽井沢プリンスショッピングプラザ ニューイースト
ビームス アウトレット 土岐,http://www.beams.co.jp/shop/tko/,岐阜県土岐市土岐ヶ丘1-2 土岐プレミアム・アウトレット
ビームス アウトレット 御殿場,http://www.beams.co.jp/shop/bgo/,静岡県御殿場市深沢1312番地 御殿場プレミアム・アウトレット
ビームス アウトレット 長島,http://www.beams.co.jp/shop/nso/,三重県桑名市長島町浦安368 三井アウトレットパーク ジャズドリーム長島
ビームス アウトレット 滋賀竜王,http://www.beams.co.jp/shop/sro/,滋賀県蒲生郡竜王町大字薬師字砂山1178-694 三井アウトレットパーク 滋賀竜王
ビームス アウトレット 大阪鶴見,http://www.beams.co.jp/shop/oto/,大阪府大阪市鶴見区茨田大宮2-7-70 三井アウトレットパーク 大阪鶴見 5F
ビームス アウトレット りんくう,http://www.beams.co.jp/shop/bro/,大阪府泉佐野市りんくう往来南3-28 りんくうプレミアム・アウトレット1F
ビームス アウトレット 神戸垂水,http://www.beams.co.jp/shop/tro/,兵庫県神戸市垂水区海岸通12-7 三井アウトレットパークマリンピア神戸
ビームス アウトレット 神戸三田,http://www.beams.co.jp/shop/sdo/,兵庫県神戸市北区上津台7-3 神戸三田プレミアム・アウトレット
ビームス アウトレット 倉敷,http://www.beams.co.jp/shop/kso/,岡山県倉敷市寿町12-1 三井アウトレットパーク 倉敷 1F
ビームス アウトレット 福岡,http://www.beams.co.jp/shop/bfo/,福岡県福岡市西区小戸2-12-30 マリノアシティ福岡1F
ビームス アウトレット 鳥栖,http://www.beams.co.jp/shop/bto/,佐賀県鳥栖市弥生が丘8-1 鳥栖プレミアムアウトレット
ビームス アウトレット 沖縄,http://www.beams.co.jp/shop/oko/,沖縄県豊見城市豊崎1-188 沖縄アウトレットモールあしびなー
ビームス アウトレット 林口,http://www.beams.co.jp/shop/outlet_linkou/,"No. 356, Section 1, Wenhua 3rd Rd, Linkou District, New Taipei City, Taiwan"
